{"board":11,"loopCheck":12,"tiles":[{"index":0,"value":1,"is_bomb":false},{"index":1,"value":1,"is_bomb":false},{"index":2,"value":0,"is_bomb":false},{"index":3,"value":0,"is_bomb":false},{"index":4,"value":0,"is_bomb":false},{"index":5,"value":0,"is_bomb":false},{"index":6,"value":1,"is_bomb":false},{"index":7,"value":0,"is_bomb":true},{"index":8,"value":1,"is_bomb":false},{"index":9,"value":0,"is_bomb":false},{"index":10,"value":1,"is_bomb":false},{"index":11,"value":1,"is_bomb":false},{"index":12,"value":1,"is_bomb":false},{"index":13,"value":0,"is_bomb":false},{"index":14,"value":0,"is_bomb":false},{"index":15,"value":0,"is_bomb":true},{"index":16,"value":1,"is_bomb":false},{"index":17,"value":0,"is_bomb":false},{"index":18,"value":0,"is_bomb":false},{"index":19,"value":0,"is_bomb":false},{"index":20,"value":0,"is_bomb":false},{"index":21,"value":1,"is_bomb":false},{"index":22,"value":1,"is_bomb":false},{"index":23,"value":1,"is_bomb":false},{"index":24,"value":0,"is_bomb":false},{"index":25,"value":1,"is_bomb":false},{"index":26,"value":1,"is_bomb":true},{"index":27,"value":2,"is_bomb":false},{"index":28,"value":1,"is_bomb":false},{"index":29,"value":0,"is_bomb":false},{"index":30,"value":1,"is_bomb":false},{"index":31,"value":1,"is_bomb":false},{"index":32,"value":0,"is_bomb":false},{"index":33,"value":0,"is_bomb":false},{"index":34,"value":0,"is_bomb":false},{"index":35,"value":0,"is_bomb":false},{"index":36,"value":0,"is_bomb":false},{"index":37,"value":0,"is_bomb":false},{"index":38,"value":1,"is_bomb":false},{"index":39,"value":1,"is_bomb":false},{"index":40,"value":2,"is_bomb":false},{"index":41,"value":2,"is_bomb":false},{"index":42,"value":1,"is_bomb":true},{"index":43,"value":1,"is_bomb":false},{"index":44,"value":0,"is_bomb":false},{"index":45,"value":0,"is_bomb":false},{"index":46,"value":0,"is_bomb":false},{"index":47,"value":0,"is_bomb":false},{"index":48,"value":0,"is_bomb":false},{"index":49,"value":0,"is_bomb":false},{"index":50,"value":0,"is_bomb":false},{"index":51,"value":0,"is_bomb":false},{"index":52,"value":0,"is_bomb":false},{"index":53,"value":1,"is_bomb":false},{"index":54,"value":0,"is_bomb":true},{"index":55,"value":1,"is_bomb":false},{"index":56,"value":1,"is_bomb":false},{"index":57,"value":2,"is_bomb":false},{"index":58,"value":2,"is_bomb":false},{"index":59,"value":1,"is_bomb":false},{"index":60,"value":0,"is_bomb":false},{"index":61,"value":0,"is_bomb":false},{"index":62,"value":0,"is_bomb":false},{"index":63,"value":0,"is_bomb":false},{"index":64,"value":0,"is_bomb":false},{"index":65,"value":0,"is_bomb":false},{"index":66,"value":0,"is_bomb":false},{"index":67,"value":0,"is_bomb":false},{"index":68,"value":1,"is_bomb":false},{"index":69,"value":2,"is_bomb":false},{"index":70,"value":2,"is_bomb":false},{"index":71,"value":1,"is_bomb":false},{"index":72,"value":2,"is_bomb":false},{"index":73,"value":1,"is_bomb":true},{"index":74,"value":2,"is_bomb":false},{"index":75,"value":0,"is_bomb":false},{"index":76,"value":0,"is_bomb":false},{"index":77,"value":0,"is_bomb":false},{"index":78,"value":0,"is_bomb":false},{"index":79,"value":1,"is_bomb":false},{"index":80,"value":1,"is_bomb":false},{"index":81,"value":1,"is_bomb":false},{"index":82,"value":1,"is_bomb":false},{"index":83,"value":1,"is_bomb":false},{"index":84,"value":3,"is_bomb":false},{"index":85,"value":1,"is_bomb":true},{"index":86,"value":2,"is_bomb":false},{"index":87,"value":2,"is_bomb":false},{"index":88,"value":1,"is_bomb":true},{"index":89,"value":2,"is_bomb":false},{"index":90,"value":0,"is_bomb":false},{"index":91,"value":0,"is_bomb":false},{"index":92,"value":0,"is_bomb":false},{"index":93,"value":0,"is_bomb":false},{"index":94,"value":1,"is_bomb":false},{"index":95,"value":0,"is_bomb":true},{"index":96,"value":2,"is_bomb":false},{"index":97,"value":2,"is_bomb":false},{"index":98,"value":1,"is_bomb":true},{"index":99,"value":3,"is_bomb":false},{"index":100,"value":1,"is_bomb":true},{"index":101,"value":2,"is_bomb":false},{"index":102,"value":2,"is_bomb":false},{"index":103,"value":2,"is_bomb":false},{"index":104,"value":2,"is_bomb":false},{"index":105,"value":0,"is_bomb":false},{"index":106,"value":0,"is_bomb":false},{"index":107,"value":0,"is_bomb":false},{"index":108,"value":0,"is_bomb":false},{"index":109,"value":1,"is_bomb":false},{"index":110,"value":1,"is_bomb":false},{"index":111,"value":3,"is_bomb":false},{"index":112,"value":2,"is_bomb":true},{"index":113,"value":3,"is_bomb":false},{"index":114,"value":2,"is_bomb":false},{"index":115,"value":1,"is_bomb":false},{"index":116,"value":1,"is_bomb":false},{"index":117,"value":1,"is_bomb":false},{"index":118,"value":0,"is_bomb":true},{"index":119,"value":1,"is_bomb":false},{"index":120,"value":0,"is_bomb":false},{"index":121,"value":0,"is_bomb":false},{"index":122,"value":0,"is_bomb":false},{"index":123,"value":0,"is_bomb":false},{"index":124,"value":0,"is_bomb":false},{"index":125,"value":0,"is_bomb":false},{"index":126,"value":2,"is_bomb":false},{"index":127,"value":1,"is_bomb":true},{"index":128,"value":2,"is_bomb":false},{"index":129,"value":0,"is_bomb":false},{"index":130,"value":0,"is_bomb":false},{"index":131,"value":0,"is_bomb":false},{"index":132,"value":1,"is_bomb":false},{"index":133,"value":1,"is_bomb":false},{"index":134,"value":1,"is_bomb":false},{"index":135,"value":0,"is_bomb":false},{"index":136,"value":0,"is_bomb":false},{"index":137,"value":0,"is_bomb":false},{"index":138,"value":0,"is_bomb":false},{"index":139,"value":1,"is_bomb":false},{"index":140,"value":1,"is_bomb":false},{"index":141,"value":2,"is_bomb":false},{"index":142,"value":1,"is_bomb":false},{"index":143,"value":1,"is_bomb":false},{"index":144,"value":0,"is_bomb":false},{"index":145,"value":0,"is_bomb":false},{"index":146,"value":0,"is_bomb":false},{"index":147,"value":1,"is_bomb":false},{"index":148,"value":1,"is_bomb":false},{"index":149,"value":1,"is_bomb":false},{"index":150,"value":1,"is_bomb":false},{"index":151,"value":1,"is_bomb":false},{"index":152,"value":1,"is_bomb":false},{"index":153,"value":0,"is_bomb":false},{"index":154,"value":1,"is_bomb":false},{"index":155,"value":0,"is_bomb":true},{"index":156,"value":1,"is_bomb":false},{"index":157,"value":0,"is_bomb":false},{"index":158,"value":0,"is_bomb":false},{"index":159,"value":0,"is_bomb":false},{"index":160,"value":0,"is_bomb":false},{"index":161,"value":0,"is_bomb":false},{"index":162,"value":2,"is_bomb":false},{"index":163,"value":1,"is_bomb":true},{"index":164,"value":2,"is_bomb":false},{"index":165,"value":1,"is_bomb":false},{"index":166,"value":0,"is_bomb":true},{"index":167,"value":1,"is_bomb":false},{"index":168,"value":0,"is_bomb":false},{"index":169,"value":1,"is_bomb":false},{"index":170,"value":1,"is_bomb":false},{"index":171,"value":1,"is_bomb":false},{"index":172,"value":0,"is_bomb":false},{"index":173,"value":0,"is_bomb":false},{"index":174,"value":1,"is_bomb":false},{"index":175,"value":1,"is_bomb":false},{"index":176,"value":2,"is_bomb":false},{"index":177,"value":3,"is_bomb":false},{"index":178,"value":2,"is_bomb":true},{"index":179,"value":2,"is_bomb":false},{"index":180,"value":1,"is_bomb":false},{"index":181,"value":2,"is_bomb":false},{"index":182,"value":2,"is_bomb":false},{"index":183,"value":1,"is_bomb":false},{"index":184,"value":0,"is_bomb":false},{"index":185,"value":0,"is_bomb":false},{"index":186,"value":0,"is_bomb":false},{"index":187,"value":0,"is_bomb":false},{"index":188,"value":0,"is_bomb":false},{"index":189,"value":1,"is_bomb":false},{"index":190,"value":0,"is_bomb":true},{"index":191,"value":2,"is_bomb":false},{"index":192,"value":1,"is_bomb":true},{"index":193,"value":2,"is_bomb":false},{"index":194,"value":1,"is_bomb":false},{"index":195,"value":0,"is_bomb":false},{"index":196,"value":1,"is_bomb":false},{"index":197,"value":0,"is_bomb":true},{"index":198,"value":2,"is_bomb":false},{"index":199,"value":1,"is_bomb":false},{"index":200,"value":1,"is_bomb":false},{"index":201,"value":0,"is_bomb":false},{"index":202,"value":0,"is_bomb":false},{"index":203,"value":0,"is_bomb":false},{"index":204,"value":1,"is_bomb":false},{"index":205,"value":1,"is_bomb":false},{"index":206,"value":2,"is_bomb":false},{"index":207,"value":2,"is_bomb":false},{"index":208,"value":2,"is_bomb":false},{"index":209,"value":1,"is_bomb":false},{"index":210,"value":0,"is_bomb":false},{"index":211,"value":1,"is_bomb":false},{"index":212,"value":1,"is_bomb":false},{"index":213,"value":2,"is_bomb":false},{"index":214,"value":0,"is_bomb":true},{"index":215,"value":1,"is_bomb":false},{"index":216,"value":0,"is_bomb":false},{"index":217,"value":0,"is_bomb":false},{"index":218,"value":0,"is_bomb":false},{"index":219,"value":0,"is_bomb":false},{"index":220,"value":0,"is_bomb":false},{"index":221,"value":0,"is_bomb":false},{"index":222,"value":1,"is_bomb":false},{"index":223,"value":0,"is_bomb":true},{"index":224,"value":1,"is_bomb":false}]}